what,kind,bundleId,bundleVersion,description,time
executed,command,org.eclipse.debug.ui,3.7.0.v20110518,"org.eclipse.debug.ui.commands.Resume",1334963648513
executed,command,org.eclipse.debug.ui,3.7.0.v20110518,"org.eclipse.debug.ui.commands.Resume",1334963649698
executed,command,org.eclipse.debug.ui,3.7.0.v20110518,"org.eclipse.debug.ui.commands.Resume",1334963650073
executed,command,org.eclipse.debug.ui,3.7.0.v20110518,"org.eclipse.debug.ui.commands.Resume",1334963650432
executed,command,org.eclipse.debug.ui,3.7.0.v20110518,"org.eclipse.debug.ui.commands.Resume",1334963650759
executed,command,org.eclipse.debug.ui,3.7.0.v20110518,"org.eclipse.debug.ui.commands.Resume",1334963651134
executed,command,org.eclipse.debug.ui,3.7.0.v20110518,"org.eclipse.debug.ui.commands.Resume",1334963651570
executed,command,org.eclipse.debug.ui,3.7.0.v20110518,"org.eclipse.debug.ui.commands.Resume",1334963651960
executed,command,org.eclipse.debug.ui,3.7.0.v20110518,"org.eclipse.debug.ui.commands.Resume",1334963652367
executed,command,org.eclipse.debug.ui,3.7.0.v20110518,"org.eclipse.debug.ui.commands.Resume",1334963654582
executed,command,org.eclipse.debug.ui,3.7.0.v20110518,"org.eclipse.debug.ui.commands.Resume",1334963655347
executed,command,org.eclipse.debug.ui,3.7.0.v20110518,"org.eclipse.debug.ui.commands.Resume",1334963655659
executed,command,org.eclipse.debug.ui,3.7.0.v20110518,"org.eclipse.debug.ui.commands.Resume",1334963655971
executed,command,org.eclipse.debug.ui,3.7.0.v20110518,"org.eclipse.debug.ui.commands.Resume",1334963656298
executed,command,org.eclipse.debug.ui,3.7.0.v20110518,"org.eclipse.debug.ui.commands.Resume",1334963656657
executed,command,org.eclipse.debug.ui,3.7.0.v20110518,"org.eclipse.debug.ui.commands.Resume",1334963657047
executed,command,org.eclipse.debug.ui,3.7.0.v20110518,"org.eclipse.debug.ui.commands.Resume",1334963657640
executed,command,org.eclipse.debug.ui,3.7.0.v20110518,"org.eclipse.debug.ui.commands.Resume",1334963658296
activated,view,org.eclipse.debug.ui,3.7.0.v20110518,"org.eclipse.debug.ui.VariableView",1334963664754
activated,editor,org.eclipse.jdt.ui,3.7.0.v20110531-1200,"org.eclipse.jdt.ui.CompilationUnitEditor",1334963673506
activated,view,org.eclipse.debug.ui,3.7.0.v20110518,"org.eclipse.debug.ui.VariableView",1334963683381
executed,command,org.eclipse.debug.ui,3.7.0.v20110518,"org.eclipse.debug.ui.commands.Resume",1334963713239
executed,command,org.eclipse.debug.ui,3.7.0.v20110518,"org.eclipse.debug.ui.commands.Resume",1334963713489
executed,command,org.eclipse.debug.ui,3.7.0.v20110518,"org.eclipse.debug.ui.commands.Resume",1334963713785
executed,command,org.eclipse.debug.ui,3.7.0.v20110518,"org.eclipse.debug.ui.commands.Resume",1334963714035
executed,command,org.eclipse.debug.ui,3.7.0.v20110518,"org.eclipse.debug.ui.commands.Resume",1334963714253
executed,command,org.eclipse.debug.ui,3.7.0.v20110518,"org.eclipse.debug.ui.commands.Resume",1334963714519
executed,command,org.eclipse.debug.ui,3.7.0.v20110518,"org.eclipse.debug.ui.commands.Resume",1334963714737
executed,command,org.eclipse.debug.ui,3.7.0.v20110518,"org.eclipse.debug.ui.commands.Resume",1334963715002
executed,command,org.eclipse.debug.ui,3.7.0.v20110518,"org.eclipse.debug.ui.commands.Resume",1334963715253
executed,command,org.eclipse.debug.ui,3.7.0.v20110518,"org.eclipse.debug.ui.commands.Resume",1334963715502
executed,command,org.eclipse.debug.ui,3.7.0.v20110518,"org.eclipse.debug.ui.commands.Resume",1334963715721
executed,command,org.eclipse.debug.ui,3.7.0.v20110518,"org.eclipse.debug.ui.commands.Resume",1334963716017
executed,command,org.eclipse.debug.ui,3.7.0.v20110518,"org.eclipse.debug.ui.commands.Resume",1334963716298
executed,command,org.eclipse.debug.ui,3.7.0.v20110518,"org.eclipse.debug.ui.commands.Resume",1334963716828
executed,command,org.eclipse.debug.ui,3.7.0.v20110518,"org.eclipse.debug.ui.commands.Resume",1334963717016
executed,command,org.eclipse.debug.ui,3.7.0.v20110518,"org.eclipse.debug.ui.commands.Resume",1334963717328
executed,command,org.eclipse.debug.ui,3.7.0.v20110518,"org.eclipse.debug.ui.commands.Resume",1334963717577
executed,command,org.eclipse.debug.ui,3.7.0.v20110518,"org.eclipse.debug.ui.commands.Resume",1334963717890
executed,command,org.eclipse.debug.ui,3.7.0.v20110518,"org.eclipse.debug.ui.commands.Resume",1334963718140
executed,command,org.eclipse.debug.ui,3.7.0.v20110518,"org.eclipse.debug.ui.commands.Resume",1334963718452
executed,command,org.eclipse.debug.ui,3.7.0.v20110518,"org.eclipse.debug.ui.commands.Resume",1334963718701
executed,command,org.eclipse.debug.ui,3.7.0.v20110518,"org.eclipse.debug.ui.commands.Resume",1334963718889
executed,command,org.eclipse.debug.ui,3.7.0.v20110518,"org.eclipse.debug.ui.commands.Resume",1334963719123
executed,command,org.eclipse.debug.ui,3.7.0.v20110518,"org.eclipse.debug.ui.commands.Resume",1334963719575
executed,command,org.eclipse.debug.ui,3.7.0.v20110518,"org.eclipse.debug.ui.commands.Resume",1334963719778
executed,command,org.eclipse.debug.ui,3.7.0.v20110518,"org.eclipse.debug.ui.commands.Resume",1334963720152
executed,command,org.eclipse.debug.ui,3.7.0.v20110518,"org.eclipse.debug.ui.commands.Resume",1334963720403
executed,command,org.eclipse.debug.ui,3.7.0.v20110518,"org.eclipse.debug.ui.commands.Resume",1334963720652
executed,command,org.eclipse.debug.ui,3.7.0.v20110518,"org.eclipse.debug.ui.commands.Resume",1334963720949
executed,command,org.eclipse.debug.ui,3.7.0.v20110518,"org.eclipse.debug.ui.commands.Resume",1334963721214
executed,command,org.eclipse.debug.ui,3.7.0.v20110518,"org.eclipse.debug.ui.commands.Resume",1334963721526
executed,command,org.eclipse.debug.ui,3.7.0.v20110518,"org.eclipse.debug.ui.commands.Resume",1334963721807
executed,command,org.eclipse.debug.ui,3.7.0.v20110518,"org.eclipse.debug.ui.commands.Resume",1334963722072
executed,command,org.eclipse.debug.ui,3.7.0.v20110518,"org.eclipse.debug.ui.commands.Resume",1334963722368
executed,command,org.eclipse.debug.ui,3.7.0.v20110518,"org.eclipse.debug.ui.commands.Resume",1334963722743
executed,command,org.eclipse.debug.ui,3.7.0.v20110518,"org.eclipse.debug.ui.commands.Resume",1334963723056
executed,command,org.eclipse.debug.ui,3.7.0.v20110518,"org.eclipse.debug.ui.commands.Resume",1334963723321
executed,command,org.eclipse.debug.ui,3.7.0.v20110518,"org.eclipse.debug.ui.commands.Resume",1334963723976
executed,command,org.eclipse.debug.ui,3.7.0.v20110518,"org.eclipse.debug.ui.commands.Resume",1334963724273
executed,command,org.eclipse.debug.ui,3.7.0.v20110518,"org.eclipse.debug.ui.commands.Resume",1334963724616
executed,command,org.eclipse.debug.ui,3.7.0.v20110518,"org.eclipse.debug.ui.commands.Resume",1334963725084
executed,command,org.eclipse.debug.ui,3.7.0.v20110518,"org.eclipse.debug.ui.commands.Resume",1334963731589
executed,command,org.eclipse.debug.ui,3.7.0.v20110518,"org.eclipse.debug.ui.commands.Resume",1334963731823
executed,command,org.eclipse.debug.ui,3.7.0.v20110518,"org.eclipse.debug.ui.commands.Resume",1334963732151
executed,command,org.eclipse.debug.ui,3.7.0.v20110518,"org.eclipse.debug.ui.commands.Resume",1334963732588
activated,editor,org.eclipse.jdt.ui,3.7.0.v20110531-1200,"org.eclipse.jdt.ui.CompilationUnitEditor",1334963760840
activated,view,org.eclipse.debug.ui,3.7.0.v20110518,"org.eclipse.debug.ui.VariableView",1334963763320
deactivated,workbench,org.eclipse.ui.workbench,3.7.0.I20110519-0100,"",1334977998657
activated,workbench,org.eclipse.ui.workbench,3.7.0.I20110519-0100,"",1335004813805
activated,editor,org.eclipse.jdt.ui,3.7.0.v20110531-1200,"org.eclipse.jdt.ui.CompilationUnitEditor",1335004813914
activated,view,org.eclipse.ui.console,3.5.100.v20110511,"org.eclipse.ui.console.ConsoleView",1335004831495
activated,view,org.eclipse.debug.ui,3.7.0.v20110518,"org.eclipse.debug.ui.BreakpointView",1335004835318
deactivated,workbench,org.eclipse.ui.workbench,3.7.0.I20110519-0100,"",1335004835459
activated,workbench,org.eclipse.ui.workbench,3.7.0.I20110519-0100,"",1335004837471
activated,view,org.eclipse.ui.console,3.5.100.v20110511,"org.eclipse.ui.console.ConsoleView",1335004850716
activated,editor,org.eclipse.jdt.ui,3.7.0.v20110531-1200,"org.eclipse.jdt.ui.CompilationUnitEditor",1335004864148
executed,command,org.eclipse.ui,3.7.0.I20110602-0100,"org.eclipse.ui.edit.undo",1335004896019
activated,view,org.eclipse.ui.console,3.5.100.v20110511,"org.eclipse.ui.console.ConsoleView",1335004903133
activated,view,org.eclipse.debug.ui,3.7.0.v20110518,"org.eclipse.debug.ui.DebugView",1335004913152
executed,command,org.eclipse.debug.ui,3.7.0.v20110518,"org.eclipse.debug.ui.commands.Terminate",1335004913308
activated,view,org.eclipse.ui.console,3.5.100.v20110511,"org.eclipse.ui.console.ConsoleView",1335004915181
activated,view,org.eclipse.debug.ui,3.7.0.v20110518,"org.eclipse.debug.ui.BreakpointView",1335004923996
activated,view,org.eclipse.ui.console,3.5.100.v20110511,"org.eclipse.ui.console.ConsoleView",1335004924012
closed,view,org.eclipse.debug.ui,3.7.0.v20110518,"org.eclipse.debug.ui.BreakpointView",1335004924012
activated,view,org.eclipse.debug.ui,3.7.0.v20110518,"org.eclipse.debug.ui.DebugView",1335004925728
executed,command,org.eclipse.debug.ui,3.7.0.v20110518,"org.eclipse.debug.ui.commands.Terminate",1335004925884
activated,editor,org.eclipse.jdt.ui,3.7.0.v20110531-1200,"org.eclipse.jdt.ui.CompilationUnitEditor",1335004931095
executed,command,,,"AUTOGEN:::org.eclipse.jdt.internal.ui.CompilationUnitEditor.ruler.actions/org.eclipse.jdt.internal.ui.javaeditor.JavaSelectRulerAction",1335004931579
executed,command,,,"AUTOGEN:::org.eclipse.jdt.debug.CompilationUnitEditor.BreakpointRulerActions/org.eclipse.jdt.debug.ui.actions.ManageBreakpointRulerAction",1335004934543
executed,command,,,"AUTOGEN:::org.eclipse.jdt.internal.ui.CompilationUnitEditor.ruler.actions/org.eclipse.jdt.internal.ui.javaeditor.JavaSelectRulerAction",1335004934855
executed,command,,,"AUTOGEN:::org.eclipse.jdt.internal.ui.CompilationUnitEditor.ruler.actions/org.eclipse.jdt.internal.ui.javaeditor.JavaSelectRulerAction",1335004935026
executed,command,,,"AUTOGEN:::org.eclipse.jdt.internal.ui.CompilationUnitEditor.ruler.actions/org.eclipse.jdt.internal.ui.javaeditor.JavaSelectRulerAction",1335004935260
activated,view,org.eclipse.debug.ui,3.7.0.v20110518,"org.eclipse.debug.ui.DebugView",1335004939488
activated,editor,org.eclipse.jdt.ui,3.7.0.v20110531-1200,"org.eclipse.jdt.ui.CompilationUnitEditor",1335004943185
executed,command,org.eclipse.ui,3.7.0.I20110602-0100,"org.eclipse.ui.file.saveAll",1335004950018
activated,view,org.eclipse.ui.console,3.5.100.v20110511,"org.eclipse.ui.console.ConsoleView",1335004958428
activated,editor,org.eclipse.jdt.ui,3.7.0.v20110531-1200,"org.eclipse.jdt.ui.CompilationUnitEditor",1335004958600
activated,editor,org.eclipse.jdt.ui,3.7.0.v20110531-1200,"org.eclipse.jdt.ui.CompilationUnitEditor",1335004969130
executed,command,org.eclipse.ui,3.7.0.I20110602-0100,"org.eclipse.ui.edit.undo",1335005023746
executed,command,org.eclipse.ui,3.7.0.I20110602-0100,"org.eclipse.ui.edit.undo",1335005024432
executed,command,org.eclipse.ui,3.7.0.I20110602-0100,"org.eclipse.ui.edit.undo",1335005025431
executed,command,org.eclipse.ui,3.7.0.I20110602-0100,"org.eclipse.ui.edit.undo",1335005025899
started,bundle,org.eclipse.mylyn.java.tasks,3.6.0.v20110608-1400,"org.eclipse.mylyn.java.tasks",1335005036101
executed,command,org.eclipse.ui,3.7.0.I20110602-0100,"org.eclipse.ui.edit.cut",1335005056521
executed,command,org.eclipse.ui,3.7.0.I20110602-0100,"org.eclipse.ui.edit.paste",1335005057941
executed,command,org.eclipse.ui,3.7.0.I20110602-0100,"org.eclipse.ui.file.saveAll",1335005120185
activated,view,org.eclipse.debug.ui,3.7.0.v20110518,"org.eclipse.debug.ui.DebugView",1335005120903
activated,view,org.eclipse.ui.console,3.5.100.v20110511,"org.eclipse.ui.console.ConsoleView",1335005126989
activated,editor,org.eclipse.jdt.ui,3.7.0.v20110531-1200,"org.eclipse.jdt.ui.CompilationUnitEditor",1335005127129
activated,view,org.eclipse.ui.console,3.5.100.v20110511,"org.eclipse.ui.console.ConsoleView",1335005436228
activated,editor,org.eclipse.jdt.ui,3.7.0.v20110531-1200,"org.eclipse.jdt.ui.CompilationUnitEditor",1335005445042
activated,editor,org.eclipse.jdt.ui,3.7.0.v20110531-1200,"org.eclipse.jdt.ui.CompilationUnitEditor",1335005452369
executed,command,,,"AUTOGEN:::org.eclipse.jdt.debug.CompilationUnitEditor.BreakpointRulerActions/org.eclipse.jdt.debug.ui.actions.ManageBreakpointRulerAction",1335005470231
executed,command,org.eclipse.debug.ui,3.7.0.v20110518,"org.eclipse.debug.ui.commands.StepInto",1335005475098
opened,editor,org.eclipse.jdt.ui,3.7.0.v20110531-1200,"org.eclipse.jdt.ui.ClassFileEditor",1335005475394
activated,editor,org.eclipse.jdt.ui,3.7.0.v20110531-1200,"org.eclipse.jdt.ui.ClassFileEditor",1335005475425
executed,command,org.eclipse.debug.ui,3.7.0.v20110518,"org.eclipse.debug.ui.commands.Resume",1335005477188
activated,editor,org.eclipse.jdt.ui,3.7.0.v20110531-1200,"org.eclipse.jdt.ui.CompilationUnitEditor",1335005477241
executed,command,,,"AUTOGEN:::org.eclipse.jdt.debug.CompilationUnitEditor.BreakpointRulerActions/org.eclipse.jdt.debug.ui.actions.ManageBreakpointRulerAction",1335005481765
activated,view,org.eclipse.debug.ui,3.7.0.v20110518,"org.eclipse.debug.ui.DebugView",1335005503324
executed,command,org.eclipse.debug.ui,3.7.0.v20110518,"org.eclipse.debug.ui.commands.Terminate",1335005503449
activated,editor,org.eclipse.jdt.ui,3.7.0.v20110531-1200,"org.eclipse.jdt.ui.CompilationUnitEditor",1335005505557
activated,editor,org.eclipse.jdt.ui,3.7.0.v20110531-1200,"org.eclipse.jdt.ui.CompilationUnitEditor",1335005508131
activated,editor,org.eclipse.jdt.ui,3.7.0.v20110531-1200,"org.eclipse.jdt.ui.CompilationUnitEditor",1335005508927
deactivated,workbench,org.eclipse.ui.workbench,3.7.0.I20110519-0100,"",1335005513045
activated,workbench,org.eclipse.ui.workbench,3.7.0.I20110519-0100,"",1335005646812
executed,command,org.eclipse.ui,3.7.0.I20110602-0100,"org.eclipse.ui.file.saveAll",1335005684345
activated,view,org.eclipse.ui.console,3.5.100.v20110511,"org.eclipse.ui.console.ConsoleView",1335005686264
activated,editor,org.eclipse.jdt.ui,3.7.0.v20110531-1200,"org.eclipse.jdt.ui.CompilationUnitEditor",1335005702676
executed,command,org.eclipse.debug.ui,3.7.0.v20110518,"org.eclipse.debug.ui.commands.Resume",1335005705672
deactivated,workbench,org.eclipse.ui.workbench,3.7.0.I20110519-0100,"",1335005709497
activated,workbench,org.eclipse.ui.workbench,3.7.0.I20110519-0100,"",1335005712929
executed,command,org.eclipse.debug.ui,3.7.0.v20110518,"org.eclipse.debug.ui.commands.Resume",1335005713490
activated,editor,org.eclipse.jdt.ui,3.7.0.v20110531-1200,"org.eclipse.jdt.ui.CompilationUnitEditor",1335005713553
executed,command,org.eclipse.debug.ui,3.7.0.v20110518,"org.eclipse.debug.ui.commands.Resume",1335005716095
executed,command,,,"AUTOGEN:::org.eclipse.jdt.debug.CompilationUnitEditor.BreakpointRulerActions/org.eclipse.jdt.debug.ui.actions.ManageBreakpointRulerAction",1335005722961
activated,view,org.eclipse.ui.console,3.5.100.v20110511,"org.eclipse.ui.console.ConsoleView",1335005727298
executed,command,org.eclipse.debug.ui,3.7.0.v20110518,"org.eclipse.debug.ui.commands.Resume",1335005733882
executed,command,org.eclipse.debug.ui,3.7.0.v20110518,"org.eclipse.debug.ui.commands.Resume",1335005735833
activated,editor,org.eclipse.jdt.ui,3.7.0.v20110531-1200,"org.eclipse.jdt.ui.CompilationUnitEditor",1335005746707
activated,view,org.eclipse.debug.ui,3.7.0.v20110518,"org.eclipse.debug.ui.DebugView",1335005770419
executed,command,org.eclipse.debug.ui,3.7.0.v20110518,"org.eclipse.debug.ui.commands.Terminate",1335005770512
deactivated,workbench,org.eclipse.ui.workbench,3.7.0.I20110519-0100,"",1335005772713
activated,workbench,org.eclipse.ui.workbench,3.7.0.I20110519-0100,"",1335005774117
activated,editor,org.eclipse.jdt.ui,3.7.0.v20110531-1200,"org.eclipse.jdt.ui.CompilationUnitEditor",1335005790121
executed,command,org.eclipse.ui,3.7.0.I20110602-0100,"org.eclipse.ui.file.saveAll",1335005793491
deactivated,workbench,org.eclipse.ui.workbench,3.7.0.I20110519-0100,"",1335005793975
activated,workbench,org.eclipse.ui.workbench,3.7.0.I20110519-0100,"",1335005795394
activated,view,org.eclipse.ui.console,3.5.100.v20110511,"org.eclipse.ui.console.ConsoleView",1335005798203
executed,command,org.eclipse.debug.ui,3.7.0.v20110518,"org.eclipse.debug.ui.commands.Resume",1335005807845
activated,editor,org.eclipse.jdt.ui,3.7.0.v20110531-1200,"org.eclipse.jdt.ui.CompilationUnitEditor",1335005809515
executed,command,org.eclipse.debug.ui,3.7.0.v20110518,"org.eclipse.debug.ui.commands.Resume",1335005812526
activated,editor,org.eclipse.jdt.ui,3.7.0.v20110531-1200,"org.eclipse.jdt.ui.CompilationUnitEditor",1335005812573
executed,command,org.eclipse.ui,3.7.0.I20110602-0100,"org.eclipse.ui.file.saveAll",1335005935751
deactivated,workbench,org.eclipse.ui.workbench,3.7.0.I20110519-0100,"",1335005935938
activated,workbench,org.eclipse.ui.workbench,3.7.0.I20110519-0100,"",1335005937607
executed,command,org.eclipse.ui,3.7.0.I20110602-0100,"org.eclipse.ui.file.saveAll",1335005966437
activated,editor,org.eclipse.jdt.ui,3.7.0.v20110531-1200,"org.eclipse.jdt.ui.CompilationUnitEditor",1335005970010
executed,command,org.eclipse.debug.ui,3.7.0.v20110518,"org.eclipse.debug.ui.commands.Resume",1335005976203
executed,command,org.eclipse.debug.ui,3.7.0.v20110518,"org.eclipse.debug.ui.commands.Resume",1335005980541
activated,editor,org.eclipse.jdt.ui,3.7.0.v20110531-1200,"org.eclipse.jdt.ui.CompilationUnitEditor",1335005980605
executed,command,,,"AUTOGEN:::org.eclipse.jdt.debug.CompilationUnitEditor.BreakpointRulerActions/org.eclipse.jdt.debug.ui.actions.ManageBreakpointRulerAction",1335005996392
executed,command,org.eclipse.debug.ui,3.7.0.v20110518,"org.eclipse.debug.ui.commands.StepInto",1335006014566
executed,command,org.eclipse.debug.ui,3.7.0.v20110518,"org.eclipse.debug.ui.commands.StepInto",1335006017171
activated,editor,org.eclipse.jdt.ui,3.7.0.v20110531-1200,"org.eclipse.jdt.ui.ClassFileEditor",1335006017390
activated,view,org.eclipse.debug.ui,3.7.0.v20110518,"org.eclipse.debug.ui.DebugView",1335006026672
executed,command,org.eclipse.debug.ui,3.7.0.v20110518,"org.eclipse.debug.ui.commands.Terminate",1335006026781
activated,editor,org.eclipse.jdt.ui,3.7.0.v20110531-1200,"org.eclipse.jdt.ui.CompilationUnitEditor",1335006027889
activated,editor,org.eclipse.jdt.ui,3.7.0.v20110531-1200,"org.eclipse.jdt.ui.CompilationUnitEditor",1335006031368
activated,editor,org.eclipse.jdt.ui,3.7.0.v20110531-1200,"org.eclipse.jdt.ui.CompilationUnitEditor",1335006032725
activated,editor,org.eclipse.jdt.ui,3.7.0.v20110531-1200,"org.eclipse.jdt.ui.CompilationUnitEditor",1335006034707
activated,editor,org.eclipse.jdt.ui,3.7.0.v20110531-1200,"org.eclipse.jdt.ui.CompilationUnitEditor",1335006040447
activated,editor,org.eclipse.jdt.ui,3.7.0.v20110531-1200,"org.eclipse.jdt.ui.CompilationUnitEditor",1335006041898
activated,editor,org.eclipse.jdt.ui,3.7.0.v20110531-1200,"org.eclipse.jdt.ui.CompilationUnitEditor",1335006045627
executed,command,org.eclipse.ui,3.7.0.I20110602-0100,"org.eclipse.ui.file.saveAll",1335006053910
activated,view,org.eclipse.ui.console,3.5.100.v20110511,"org.eclipse.ui.console.ConsoleView",1335006059622
activated,editor,org.eclipse.jdt.ui,3.7.0.v20110531-1200,"org.eclipse.jdt.ui.CompilationUnitEditor",1335006059747
activated,view,org.eclipse.ui.console,3.5.100.v20110511,"org.eclipse.ui.console.ConsoleView",1335006070292
activated,editor,org.eclipse.jdt.ui,3.7.0.v20110531-1200,"org.eclipse.jdt.ui.CompilationUnitEditor",1335006070448
activated,view,org.eclipse.ui.console,3.5.100.v20110511,"org.eclipse.ui.console.ConsoleView",1335006098154
activated,editor,org.eclipse.jdt.ui,3.7.0.v20110531-1200,"org.eclipse.jdt.ui.CompilationUnitEditor",1335006098294
activated,view,org.eclipse.ui.console,3.5.100.v20110511,"org.eclipse.ui.console.ConsoleView",1335006103364
activated,editor,org.eclipse.jdt.ui,3.7.0.v20110531-1200,"org.eclipse.jdt.ui.CompilationUnitEditor",1335006103505
activated,view,org.eclipse.ui.console,3.5.100.v20110511,"org.eclipse.ui.console.ConsoleView",1335006115283
activated,editor,org.eclipse.jdt.ui,3.7.0.v20110531-1200,"org.eclipse.jdt.ui.CompilationUnitEditor",1335006115423
activated,view,org.eclipse.ui.console,3.5.100.v20110511,"org.eclipse.ui.console.ConsoleView",1335006196793
activated,editor,org.eclipse.jdt.ui,3.7.0.v20110531-1200,"org.eclipse.jdt.ui.CompilationUnitEditor",1335006212533
executed,command,org.eclipse.ui,3.7.0.I20110602-0100,"org.eclipse.ui.file.saveAll",1335006231784
executed,command,org.eclipse.ui,3.7.0.I20110602-0100,"org.eclipse.ui.edit.copy",1335006237228
executed,command,org.eclipse.ui,3.7.0.I20110602-0100,"org.eclipse.ui.edit.paste",1335006240707
executed,command,org.eclipse.ui,3.7.0.I20110602-0100,"org.eclipse.ui.file.saveAll",1335006247431
executed,command,org.eclipse.ui,3.7.0.I20110602-0100,"org.eclipse.ui.file.saveAll",1335006281191
activated,view,org.eclipse.ui.console,3.5.100.v20110511,"org.eclipse.ui.console.ConsoleView",1335006296637
activated,editor,org.eclipse.jdt.ui,3.7.0.v20110531-1200,"org.eclipse.jdt.ui.CompilationUnitEditor",1335006296809
activated,view,org.eclipse.ui.console,3.5.100.v20110511,"org.eclipse.ui.console.ConsoleView",1335006322315
activated,editor,org.eclipse.jdt.ui,3.7.0.v20110531-1200,"org.eclipse.jdt.ui.CompilationUnitEditor",1335006322439
activated,editor,org.eclipse.jdt.ui,3.7.0.v20110531-1200,"org.eclipse.jdt.ui.CompilationUnitEditor",1335006329085
activated,editor,org.eclipse.jdt.ui,3.7.0.v20110531-1200,"org.eclipse.jdt.ui.CompilationUnitEditor",1335006353920
activated,editor,org.eclipse.jdt.ui,3.7.0.v20110531-1200,"org.eclipse.jdt.ui.CompilationUnitEditor",1335006418660
executed,command,org.eclipse.ui,3.7.0.I20110602-0100,"org.eclipse.ui.edit.copy",1335006425056
activated,editor,org.eclipse.jdt.ui,3.7.0.v20110531-1200,"org.eclipse.jdt.ui.CompilationUnitEditor",1335006426133
executed,command,org.eclipse.ui,3.7.0.I20110602-0100,"org.eclipse.ui.edit.paste",1335006427459
executed,command,org.eclipse.ui,3.7.0.I20110602-0100,"org.eclipse.ui.edit.undo",1335006448441
executed,command,org.eclipse.ui,3.7.0.I20110602-0100,"org.eclipse.ui.edit.undo",1335006478268
executed,command,org.eclipse.ui,3.7.0.I20110602-0100,"org.eclipse.ui.edit.undo",1335006479610
executed,command,org.eclipse.ui,3.7.0.I20110602-0100,"org.eclipse.ui.edit.undo",1335006521043
executed,command,org.eclipse.ui,3.7.0.I20110602-0100,"org.eclipse.ui.edit.undo",1335006521480
executed,command,org.eclipse.ui,3.7.0.I20110602-0100,"org.eclipse.ui.edit.undo",1335006522619
executed,command,org.eclipse.ui,3.7.0.I20110602-0100,"org.eclipse.ui.edit.undo",1335006523368
executed,command,org.eclipse.ui,3.7.0.I20110602-0100,"org.eclipse.ui.edit.undo",1335006524195
activated,editor,org.eclipse.jdt.ui,3.7.0.v20110531-1200,"org.eclipse.jdt.ui.CompilationUnitEditor",1335006556471
activated,editor,org.eclipse.jdt.ui,3.7.0.v20110531-1200,"org.eclipse.jdt.ui.CompilationUnitEditor",1335006561026
activated,editor,org.eclipse.jdt.ui,3.7.0.v20110531-1200,"org.eclipse.jdt.ui.CompilationUnitEditor",1335006562508
activated,editor,org.eclipse.jdt.ui,3.7.0.v20110531-1200,"org.eclipse.jdt.ui.CompilationUnitEditor",1335006605408
activated,editor,org.eclipse.jdt.ui,3.7.0.v20110531-1200,"org.eclipse.jdt.ui.CompilationUnitEditor",1335006613193
activated,editor,org.eclipse.jdt.ui,3.7.0.v20110531-1200,"org.eclipse.jdt.ui.CompilationUnitEditor",1335006615455
activated,editor,org.eclipse.jdt.ui,3.7.0.v20110531-1200,"org.eclipse.jdt.ui.CompilationUnitEditor",1335006631882
activated,editor,org.eclipse.jdt.ui,3.7.0.v20110531-1200,"org.eclipse.jdt.ui.CompilationUnitEditor",1335006663643
activated,editor,org.eclipse.jdt.ui,3.7.0.v20110531-1200,"org.eclipse.jdt.ui.CompilationUnitEditor",1335006790518
activated,editor,org.eclipse.jdt.ui,3.7.0.v20110531-1200,"org.eclipse.jdt.ui.CompilationUnitEditor",1335006795682
activated,perspective,org.eclipse.jdt.ui,3.7.0.v20110531-1200,"org.eclipse.jdt.ui.JavaPerspective",1335006797772
executed,command,org.eclipse.ui,3.7.0.I20110602-0100,"org.eclipse.ui.file.saveAll",1335006821718
executed,command,org.eclipse.ui,3.7.0.I20110602-0100,"org.eclipse.ui.file.saveAll",1335006854026
activated,view,org.eclipse.ui.console,3.5.100.v20110511,"org.eclipse.ui.console.ConsoleView",1335006860939
activated,editor,org.eclipse.jdt.ui,3.7.0.v20110531-1200,"org.eclipse.jdt.ui.CompilationUnitEditor",1335006861110
deactivated,workbench,org.eclipse.ui.workbench,3.7.0.I20110519-0100,"",1335006875416
activated,workbench,org.eclipse.ui.workbench,3.7.0.I20110519-0100,"",1335006880813
executed,command,org.eclipse.ui,3.7.0.I20110602-0100,"org.eclipse.ui.file.saveAll",1335006939407
activated,editor,org.eclipse.jdt.ui,3.7.0.v20110531-1200,"org.eclipse.jdt.ui.CompilationUnitEditor",1335006952932
executed,command,org.eclipse.ui,3.7.0.I20110602-0100,"org.eclipse.ui.edit.delete",1335006980263
executed,command,org.eclipse.ui,3.7.0.I20110602-0100,"org.eclipse.ui.file.saveAll",1335006996191
activated,editor,org.eclipse.jdt.ui,3.7.0.v20110531-1200,"org.eclipse.jdt.ui.CompilationUnitEditor",1335007025784
activated,editor,org.eclipse.jdt.ui,3.7.0.v20110531-1200,"org.eclipse.jdt.ui.CompilationUnitEditor",1335007215715
executed,command,org.eclipse.ui,3.7.0.I20110602-0100,"org.eclipse.ui.edit.copy",1335007259426
executed,command,org.eclipse.ui,3.7.0.I20110602-0100,"org.eclipse.ui.edit.paste",1335007261267
executed,command,org.eclipse.ui,3.7.0.I20110602-0100,"org.eclipse.ui.edit.undo",1335007266774
activated,view,org.eclipse.ui.console,3.5.100.v20110511,"org.eclipse.ui.console.ConsoleView",1335007359500
activated,editor,org.eclipse.jdt.ui,3.7.0.v20110531-1200,"org.eclipse.jdt.ui.CompilationUnitEditor",1335007359516
activated,editor,org.eclipse.jdt.ui,3.7.0.v20110531-1200,"org.eclipse.jdt.ui.CompilationUnitEditor",1335007361762
activated,editor,org.eclipse.jdt.ui,3.7.0.v20110531-1200,"org.eclipse.jdt.ui.CompilationUnitEditor",1335007365381
activated,editor,org.eclipse.jdt.ui,3.7.0.v20110531-1200,"org.eclipse.jdt.ui.CompilationUnitEditor",1335007396051
activated,editor,org.eclipse.jdt.ui,3.7.0.v20110531-1200,"org.eclipse.jdt.ui.CompilationUnitEditor",1335007412197
executed,command,,,"AUTOGEN:::org.eclipse.jdt.internal.ui.CompilationUnitEditor.ruler.actions/org.eclipse.jdt.internal.ui.javaeditor.JavaSelectRulerAction",1335007649193
deactivated,workbench,org.eclipse.ui.workbench,3.7.0.I20110519-0100,"",1335007653217
activated,workbench,org.eclipse.ui.workbench,3.7.0.I20110519-0100,"",1335007653389
executed,command,org.eclipse.ui,3.7.0.I20110602-0100,"org.eclipse.ui.edit.undo",1335007664824
activated,view,org.eclipse.jdt.ui,3.7.0.v20110531-1200,"org.eclipse.jdt.ui.PackageExplorer",1335007689082
opened,editor,org.eclipse.jdt.ui,3.7.0.v20110531-1200,"org.eclipse.jdt.ui.CompilationUnitEditor",1335007691172
activated,editor,org.eclipse.jdt.ui,3.7.0.v20110531-1200,"org.eclipse.jdt.ui.CompilationUnitEditor",1335007691203
